,KMPDU Secretary General Davji Atellah Shot while Leading Protests in Nairobi,https://netstorage-tuko.akamaized.net/images/2a816dd741390491.png?impolicy=cropped-image&imwidth=330,https://www.tuko.co.ke/kenya/counties/539857-kmpdu-secretary-general-davji-atellah-shot-leading-protests-nairobi/,2024-02-29T15:51:42+03:00
,"Nairobi Woman Disowned by Father, Despised by Community Opens Charity Firms in US, Kenya",Image Not Found,https://www.tuko.co.ke/people/family/539710-nairobi-woman-disowned-by-father-despised-by-community-opens-charity-firms-kenya/,2024-02-29T17:03:55+03:00
,"Turkana: Arsenal Fans Visit Mum Who Named Triplets after Football Club's Players, Gift Her Goodies",Image Not Found,https://www.tuko.co.ke/people/family/539865-turkana-arsenal-fans-visit-mum-named-triplets-football-clubs-players-gift-goodies/,2024-02-29T17:02:59+03:00
,Kitale: Driver of Viral Truck Hauling Huge Boat Treated to Chicken by Residents During Layover,Image Not Found,https://www.tuko.co.ke/people/539794-kitale-driver-viral-truck-hauling-huge-boat-treated-chicken-by-residents-layover/,2024-02-29T16:55:09+03:00
,"Kenyan Lawyers Cast Their Ballots To Elect New LSK President, Officials",Image Not Found,https://www.tuko.co.ke/kenya/539862-kenyan-lawyers-cast-ballots-elect-lsk-president-officials/,2024-02-29T16:54:39+03:00
539059,"""Should I Join Electrical Engineering Course or Use Money to Stock My Business?"" Expert Advises",Image Not Found,https://www.tuko.co.ke/business-economy/539059-i-join-electrical-engineering-money-stock-businessexpert-advises/,2024-02-23T07:36:43+03:00
539549,UK 'net zero' economy bucks recession: study,Image Not Found,https://www.tuko.co.ke/business-economy/539549-uk-net-economy-bucks-recession-study/,2024-02-27T16:00:18+03:00
539503,France makes mincemeat of 'veggie steak' label,Image Not Found,https://www.tuko.co.ke/business-economy/539503-france-mincemeat-veggie-steak-label/,2024-02-27T13:15:08+03:00
,Mombasa Businessman Advises Kenyans on Steps to Follow to Avoid Being Conned While Buying Cars,Image Not Found,https://www.tuko.co.ke/people/539689-mombasa-car-importer-advices-kenyans-steps-follow-avoid-conned/,2024-02-28T17:54:36+03:00
,Meet the influencer giving young Mexicans their election news,Image Not Found,https://www.tuko.co.ke/business-economy/technology/539762-meet-influencer-giving-young-mexicans-election-news/,2024-02-29T04:26:10+03:00
,"""I Paid My Brother's Fees up to Varsity, He Now Wants to Be Artiste, What Do I Do?"": Expert Advises",Image Not Found,https://www.tuko.co.ke/editorial/opinion/539497-i-paid-brothers-fees-university-dancer-what-i-expert-advices/,2024-02-28T17:56:34+03:00
,Tecra Muigai Inquest: Omar Lali Shows Up In Court In Company of Mzungu Lady,Image Not Found,https://www.tuko.co.ke/kenya/539845-tecra-muigai-omar-lali-shows-court-company-mzungu-lady/,2024-02-29T15:59:17+03:00
,"""My Life Changed Since I Started Using Charms"": Lady Who Used to Be Broke Flaunts Luxury Gifts",Image Not Found,https://www.tuko.co.ke/people/539647-life-changed-i-started-using-charms-lady-broke-flaunts-luxury-gifts/,2024-02-29T15:23:17+03:00
539873,Italy says it wants Chinese carmakers but only under conditions,https://netstorage-tuko.akamaized.net/images/f02c49b909224e76.jpg?impolicy=cropped-image&imwidth=510,https://www.tuko.co.ke/business-economy/539873-italy-chinese-carmakers-conditions/,2024-02-29T16:47:08+03:00
539850,Unga Subsidy Stalemate: Ruto's Govt Owes Kenyan Farmers Over KSh 500m,https://netstorage-tuko.akamaized.net/images/ea142413f4b2ffd6.png?impolicy=cropped-image&imwidth=510,https://www.tuko.co.ke/business-economy/539850-unga-subsidy-stalemate-rutos-govt-owes-kenyan-farmers-ksh-500m/,2024-02-29T16:37:43+03:00
539868,EU lawmakers back transparency rules for Airbnb-style rentals,https://netstorage-tuko.akamaized.net/images/478ed39df640914b.jpg?impolicy=cropped-image&imwidth=245,https://www.tuko.co.ke/business-economy/539868-eu-lawmakers-transparency-rules-airbnb-style-rentals/,2024-02-29T16:26:08+03:00
,"Kenyans Marvel at Price of Shoe Rack Holding 40 Pairs of Shoes: ""650k ya Kenya a...",https://netstorage-tuko.akamaized.net/images/94047cd4f54721fb.png?impolicy=cropped-image&imwidth=245,https://www.tuko.co.ke/business-economy/industry/539519-kenyans-marvel-price-shoe-rack-holding-40-pairs-shoes-650k-ya-kenya-ama-tanzania/,2024-02-29T16:01:34+03:00
539860,"British Airways owner IAG, Air France-KLM post bumper profits",https://netstorage-tuko.akamaized.net/images/c99536bfa754b8c7.jpg?impolicy=cropped-image&imwidth=245,https://www.tuko.co.ke/business-economy/539860-british-airways-owner-iag-air-france-klm-post-bumper-profits/,2024-02-29T15:48:09+03:00
539859,"WTO ministers struggle to forge fish, farm, digital deals",https://netstorage-tuko.akamaized.net/images/032acac49e8d7bec.jpg?impolicy=cropped-image&imwidth=245,https://www.tuko.co.ke/business-economy/539859-wto-ministers-struggle-forge-fish-farm-digital-deals/,2024-02-29T15:46:06+03:00
,Kenya Airways Among 4 Top Companies to Be Removed from Nairobi Bourse Unless the...,https://netstorage-tuko.akamaized.net/images/d2a6ea711bb8fd7d.png?impolicy=cropped-image&imwidth=510,https://www.tuko.co.ke/business-economy/capital-market/539543-kenya-airways-5-companies-removed-nse-recover/,2024-02-27T16:24:37+03:00
,"Meet Frank Mwiti: Nairobi Securities Exchange New CEO, Work Experience",https://netstorage-tuko.akamaized.net/images/e04e9b3e49d51630.png?impolicy=cropped-image&imwidth=510,https://www.tuko.co.ke/business-economy/capital-market/538613-meet-frank-mwiti-nairobi-securities-exchange-ceo/,2024-02-20T12:20:12+03:00
,Kenya's Capital Markets: NSE's Monopoly in Bonds Market Ends as New Player Gets...,https://netstorage-tuko.akamaized.net/images/1cd7ca739f52e408.png?impolicy=cropped-image&imwidth=245,https://www.tuko.co.ke/business-economy/capital-market/536318-kenyas-capital-markets-nses-monopoly-bonds-market-ends-player-trading-license/,2024-01-31T13:55:19+03:00
,"List of Top 15 Money Market Funds in Kenya, Minimum Investments and Interests",https://netstorage-tuko.akamaized.net/images/b1d4aaeee5b12c80.png?impolicy=cropped-image&imwidth=245,https://www.tuko.co.ke/business-economy/capital-market/536102-list-top-15-money-market-funds-kenya-minimum-investments-interests/,2024-01-30T12:20:45+03:00
,"Ndindi Nyoro Dumps 11 Million Kenya Power Shares, Loses Top Spot to Hiranis",https://netstorage-tuko.akamaized.net/images/4831b2f359e3bc82.png?impolicy=cropped-image&imwidth=245,https://www.tuko.co.ke/business-economy/capital-market/536132-ndindi-nyoro-dumps-ksh-11-million-worth-kenya-power-shares-shareholders/,2024-01-30T09:10:39+03:00
,Kenya's Gov't to Distribute 4.5 Million Gas Cylinders to Households in Drive to...,https://netstorage-tuko.akamaized.net/images/ebc0454c9f63aab5.png?impolicy=cropped-image&imwidth=510,https://www.tuko.co.ke/business-economy/energy/539516-kenyas-govt-distribute-45-million-gas-cylinders-drive-increase-lpg-uptake/,2024-02-27T14:34:58+03:00
,"EPRA Reduces Prices of Petrol, Diesel, Kerosene By KSh 1",https://netstorage-tuko.akamaized.net/images/f95d83e5e92478ed.jpg?impolicy=cropped-image&imwidth=510,https://www.tuko.co.ke/business-economy/energy/538034-epra-reduces-prices-petrol-diesel-kerosene-by-ksh-1/,2024-02-14T21:57:32+03:00
,Electricity Prices to Fall as KenGen Steps Up Hydropower Generation,https://netstorage-tuko.akamaized.net/images/cfab5376d2c9c6f4.png?impolicy=cropped-image&imwidth=245,https://www.tuko.co.ke/business-economy/energy/536848-electricity-prices-stabilise-kengen-steps-hydropower-generation/,2024-02-05T16:34:28+03:00
,KPLC Reforms: 5 Measures Ruto's Govt Has Taken to Return Kenya Power to Profitab...,https://netstorage-tuko.akamaized.net/images/556d4fa636c46297.png?impolicy=cropped-image&imwidth=245,https://www.tuko.co.ke/business-economy/energy/536025-kplc-reforms-5-measures-rutos-govt-return-kenya-power-profitability/,2024-01-29T10:11:55+03:00
,International Agency Names Kenya in List of Countries With Highest Power Outages,https://netstorage-tuko.akamaized.net/images/1d3f82a0d54dd5d7.png?impolicy=cropped-image&imwidth=245,https://www.tuko.co.ke/business-economy/energy/535833-international-agency-releases-list-countries-highest-power-outages-2023/,2024-01-26T12:50:31+03:00
,Peter Kiboi: Boda Boda Rider Becomes a Millionaire After Winning SportPesa Mega...,https://netstorage-tuko.akamaized.net/images/80ec814514ab29ee.png?impolicy=cropped-image&imwidth=510,https://www.tuko.co.ke/business-economy/money/539796-peter-kiboi-nairobi-man-a-millionaire-winning-sportpesa-mega-jackpot-bonus/,2024-02-29T11:17:47+03:00
,"Kenyans React to Claims Banki Kuu on KSh Notes is Wrong, TZ's Benki Kuu is Corre...",https://netstorage-tuko.akamaized.net/images/d67e584d3c97c943.png?impolicy=cropped-image&imwidth=510,https://www.tuko.co.ke/business-economy/money/539688-kenyans-react-claims-banki-kuu-wrong-tzs-benki-kuu-correct-bora-ni-pesa/,2024-02-28T17:50:17+03:00
,Augustino Mutea: Embu Businessman Wins KSh 1 Million in Deposit and Win Campaign,https://netstorage-tuko.akamaized.net/images/4925f3a5b808a0be.png?impolicy=cropped-image&imwidth=245,https://www.tuko.co.ke/business-economy/money/539691-augustino-mutea-embu-businessman-wins-ksh-1-million-deposit-win-campaign/,2024-02-28T16:02:10+03:00
,"Kenyans Operating M-Pesa Shops Lament Losing M-Pesa Lines to Dealers: ""Agent Com...",https://netstorage-tuko.akamaized.net/images/dc6c50401dca9486.png?impolicy=cropped-image&imwidth=245,https://www.tuko.co.ke/business-economy/money/539624-kenyans-operating-m-pesa-shops-lament-losing-m-pesa-lines-agent-commission-ni-kidogo/,2024-02-28T10:34:17+03:00
,"Safaricom's 3 Mobile Loan Services Most Popular Digital Lending Plaforms, CAK Su...",https://netstorage-tuko.akamaized.net/images/cc041db496c236dd.png?impolicy=cropped-image&imwidth=245,https://www.tuko.co.ke/business-economy/money/539609-safaricoms-3-mobile-loan-services-popular-digital-lending-plaforms-survey-findings/,2024-02-28T08:32:20+03:00
,"Kenyans Marvel at Price of Shoe Rack Holding 40 Pairs of Shoes: ""650k ya Kenya a...",https://netstorage-tuko.akamaized.net/images/94047cd4f54721fb.png?impolicy=cropped-image&imwidth=510,https://www.tuko.co.ke/business-economy/industry/539519-kenyans-marvel-price-shoe-rack-holding-40-pairs-shoes-650k-ya-kenya-ama-tanzania/,2024-02-29T16:01:34+03:00
,"NTSA Issues Public Appeal for Collection of Thousands of Number plates, Smart DL...",https://netstorage-tuko.akamaized.net/images/fadf14e27338ff24.png?impolicy=cropped-image&imwidth=510,https://www.tuko.co.ke/business-economy/industry/539366-ntsa-issues-public-appeal-collection-thousands-number-plates-smart-dls-logbooks/,2024-02-26T15:52:37+03:00
,"Kenyan Man with KSh 700k Seeks Advice on Starting Pig Business, Farmers Say It's...",https://netstorage-tuko.akamaized.net/images/cb90477b9ba3cdbf.png?impolicy=cropped-image&imwidth=245,https://www.tuko.co.ke/business-economy/industry/539302-kenyan-man-ksh-700k-seeks-advice-starting-pig-business-farmers-s-little/,2024-02-25T22:51:31+03:00
,"""I Have Applied for Over 100 Jobs"": Lady Unemployed after Relocating to Canada f...",https://netstorage-tuko.akamaized.net/images/5f8b6f96cdafb1f6.jpg?impolicy=cropped-image&imwidth=245,https://www.tuko.co.ke/business-economy/industry/539293-i-applied-100-jobs-lady-unemployed-relocating-canada-greener-pastures/,2024-02-25T17:49:28+03:00
,Nairobi County to Close All Wines and Spirits Shops Around CBD Matatu Stages,https://netstorage-tuko.akamaized.net/images/3bbe2ea9ed2ffcf2.png?impolicy=cropped-image&imwidth=245,https://www.tuko.co.ke/business-economy/industry/539286-nairobi-county-close-wines-spirits-shops-cbd-matatu-stages/,2024-02-25T16:53:38+03:00
,"Kenya's Debt Burden: List of 7 Eurobond Loans, Maturity Dates and Interest Rates",https://netstorage-tuko.akamaized.net/images/6a391f8a3d9d4fc3.png?impolicy=cropped-image&imwidth=510,https://www.tuko.co.ke/business-economy/economy/539051-kenyas-debt-burden-list-4-eurobonds-issued-maturity-dates-interest-rates/,2024-02-23T14:54:46+03:00
,Africa Agri Expo 2024: Charlene Ruto Calls for Training to Equip Youths with Far...,https://netstorage-tuko.akamaized.net/images/f5e1ad0076780f64.png?impolicy=cropped-image&imwidth=510,https://www.tuko.co.ke/business-economy/economy/538670-africa-agri-expo-2024-charlene-ruto-calls-training-equip-youths-farming-skills/,2024-02-22T07:39:44+03:00
,Africa Agri Expo 2024: Kenyan Government Seeks Private Investors to Boost Agricu...,https://netstorage-tuko.akamaized.net/images/99db42c961d57166.png?impolicy=cropped-image&imwidth=245,https://www.tuko.co.ke/business-economy/economy/538675-africa-agri-expo-2024-kenyan-government-seeks-private-investors-boost-agriculture-ppps/,2024-02-22T07:39:00+03:00
,Kenyans Asked to Send Suggestions on Budget Policy Set to More than Double Reven...,https://netstorage-tuko.akamaized.net/images/d37c0cbd872ccdaf.png?impolicy=cropped-image&imwidth=245,https://www.tuko.co.ke/business-economy/economy/538576-kenyans-asked-send-suggestions-budget-policy-set-double-revenue-collection/,2024-02-20T10:40:29+03:00
,Contaminated Sugar Worth KSh 214m Impounded In Private Store Mombasa,https://netstorage-tuko.akamaized.net/images/97cc697634dbd99a.png?impolicy=cropped-image&imwidth=245,https://www.tuko.co.ke/business-economy/economy/538540-kpa-impounds-contaminated-sugar-worth-ksh-200-million/,2024-02-20T06:10:04+03:00
,"Zuckerberg, S. Korea's President Yoon talk AI cooperation",https://netstorage-tuko.akamaized.net/images/23eb41601514dab3.jpg?impolicy=cropped-image&imwidth=510,https://www.tuko.co.ke/business-economy/technology/539808-zuckerberg-s-koreas-president-yoon-talk-ai-cooperation/,2024-02-29T10:40:18+03:00
,TikTok make-up influencers spark health warnings,https://netstorage-tuko.akamaized.net/images/57f25890c316b57f.jpg?impolicy=cropped-image&imwidth=510,https://www.tuko.co.ke/business-economy/technology/539767-tiktok-influencers-spark-health-warnings/,2024-02-29T06:15:07+03:00
,"Reliance, Disney announce giant India media merger",https://netstorage-tuko.akamaized.net/images/fa1178006b9bdeb0.jpg?impolicy=cropped-image&imwidth=245,https://www.tuko.co.ke/business-economy/technology/539763-reliance-disney-announce-giant-india-media-merger/,2024-02-29T05:11:06+03:00
,Meet the influencer giving young Mexicans their election news,https://netstorage-tuko.akamaized.net/images/edd07d081f277609.jpg?impolicy=cropped-image&imwidth=245,https://www.tuko.co.ke/business-economy/technology/539762-meet-influencer-giving-young-mexicans-election-news/,2024-02-29T04:26:10+03:00
,Video game giant Electronic Arts announces job cuts,https://netstorage-tuko.akamaized.net/images/df7ada893f55a5c8.jpg?impolicy=cropped-image&imwidth=245,https://www.tuko.co.ke/business-economy/technology/539761-video-game-giant-electronic-arts-announces-job-cuts/,2024-02-29T01:27:06+03:00
,KMPDU Secretary General Davji Atellah Shot while Leading Protests in Nairobi,https://netstorage-tuko.akamaized.net/images/2a816dd741390491.png?impolicy=cropped-image&imwidth=330,https://www.tuko.co.ke/kenya/counties/539857-kmpdu-secretary-general-davji-atellah-shot-leading-protests-nairobi/,2024-02-29T15:51:42+03:00
,"Nairobi Woman Disowned by Father, Despised by Community Opens Charity Firms in US, Kenya",Image Not Found,https://www.tuko.co.ke/people/family/539710-nairobi-woman-disowned-by-father-despised-by-community-opens-charity-firms-kenya/,2024-02-29T17:03:55+03:00
,"Turkana: Arsenal Fans Visit Mum Who Named Triplets after Football Club's Players, Gift Her Goodies",Image Not Found,https://www.tuko.co.ke/people/family/539865-turkana-arsenal-fans-visit-mum-named-triplets-football-clubs-players-gift-goodies/,2024-02-29T17:02:59+03:00
,Kitale: Driver of Viral Truck Hauling Huge Boat Treated to Chicken by Residents During Layover,Image Not Found,https://www.tuko.co.ke/people/539794-kitale-driver-viral-truck-hauling-huge-boat-treated-chicken-by-residents-layover/,2024-02-29T16:55:09+03:00
,"Kenyan Lawyers Cast Their Ballots To Elect New LSK President, Officials",Image Not Found,https://www.tuko.co.ke/kenya/539862-kenyan-lawyers-cast-ballots-elect-lsk-president-officials/,2024-02-29T16:54:39+03:00
539549,UK 'net zero' economy bucks recession: study,Image Not Found,https://www.tuko.co.ke/business-economy/539549-uk-net-economy-bucks-recession-study/,2024-02-27T16:00:18+03:00
539557,"Man Cries Foul after Finding Stones Packed in Mobile Device He Purchased: ""Make Money from It""",Image Not Found,https://www.tuko.co.ke/business-economy/539557-man-cries-foul-finding-strange-item-packed-mobile-device-purchased-money/,2024-02-27T20:37:57+03:00
536895,"Kenyan Man Transforms Car Valued at KSh 150k to KSh 1.05m: ""Body Cost Around KSh 200k""",Image Not Found,https://www.tuko.co.ke/business-economy/536895-kenyan-man-transforms-car-valued-ksh-150k-ksh-105m-body-cost-ksh-200k/,2024-02-06T08:54:32+03:00
,"""My Life Changed Since I Started Using Charms"": Lady Who Used to Be Broke Flaunts Luxury Gifts",Image Not Found,https://www.tuko.co.ke/people/539647-life-changed-i-started-using-charms-lady-broke-flaunts-luxury-gifts/,2024-02-29T15:23:17+03:00
,"Raila Odinga Hints at Vying for Presidency in 2027 Even If He Wins AU Seat: ""Will Take Break""",Image Not Found,https://www.tuko.co.ke/politics/539827-raila-odinga-hints-vying-presidency-2027-wins-au-seat-break/,2024-02-29T13:05:08+03:00
,"Nakuru: Man Goes into Hiding after Stabbing, Pouring Hot Water on His Wife",Image Not Found,https://www.tuko.co.ke/kenya/counties/539733-nakuru-man-hiding-stabbing-pouring-hot-water-wife/,2024-02-28T19:39:48+03:00
,"Young Lady Exposes, Shuts Down Older Man Who Tried to Flirt with Her: ""He Applied Pressure""",Image Not Found,https://www.tuko.co.ke/people/539734-applied-pressure-young-lady-shut-older-nigerian-man-flirt-her/,2024-02-29T15:32:16+03:00
,Daystar University Under Investigation for Forcing Students to Participate in Chapel Services,Image Not Found,https://www.tuko.co.ke/education/539820-daystar-university-investigation-forcing-students-participate-chapel-services/,2024-02-29T13:38:05+03:00
539873,Italy says it wants Chinese carmakers but only under conditions,https://netstorage-tuko.akamaized.net/images/f02c49b909224e76.jpg?impolicy=cropped-image&imwidth=510,https://www.tuko.co.ke/business-economy/539873-italy-chinese-carmakers-conditions/,2024-02-29T16:47:08+03:00
539850,Unga Subsidy Stalemate: Ruto's Govt Owes Kenyan Farmers Over KSh 500m,https://netstorage-tuko.akamaized.net/images/ea142413f4b2ffd6.png?impolicy=cropped-image&imwidth=510,https://www.tuko.co.ke/business-economy/539850-unga-subsidy-stalemate-rutos-govt-owes-kenyan-farmers-ksh-500m/,2024-02-29T16:37:43+03:00
539868,EU lawmakers back transparency rules for Airbnb-style rentals,https://netstorage-tuko.akamaized.net/images/478ed39df640914b.jpg?impolicy=cropped-image&imwidth=245,https://www.tuko.co.ke/business-economy/539868-eu-lawmakers-transparency-rules-airbnb-style-rentals/,2024-02-29T16:26:08+03:00
,"Kenyans Marvel at Price of Shoe Rack Holding 40 Pairs of Shoes: ""650k ya Kenya a...",https://netstorage-tuko.akamaized.net/images/94047cd4f54721fb.png?impolicy=cropped-image&imwidth=245,https://www.tuko.co.ke/business-economy/industry/539519-kenyans-marvel-price-shoe-rack-holding-40-pairs-shoes-650k-ya-kenya-ama-tanzania/,2024-02-29T16:01:34+03:00
539860,"British Airways owner IAG, Air France-KLM post bumper profits",https://netstorage-tuko.akamaized.net/images/c99536bfa754b8c7.jpg?impolicy=cropped-image&imwidth=245,https://www.tuko.co.ke/business-economy/539860-british-airways-owner-iag-air-france-klm-post-bumper-profits/,2024-02-29T15:48:09+03:00
539859,"WTO ministers struggle to forge fish, farm, digital deals",https://netstorage-tuko.akamaized.net/images/032acac49e8d7bec.jpg?impolicy=cropped-image&imwidth=245,https://www.tuko.co.ke/business-economy/539859-wto-ministers-struggle-forge-fish-farm-digital-deals/,2024-02-29T15:46:06+03:00
,Kenya Airways Among 4 Top Companies to Be Removed from Nairobi Bourse Unless the...,https://netstorage-tuko.akamaized.net/images/d2a6ea711bb8fd7d.png?impolicy=cropped-image&imwidth=510,https://www.tuko.co.ke/business-economy/capital-market/539543-kenya-airways-5-companies-removed-nse-recover/,2024-02-27T16:24:37+03:00
,"Meet Frank Mwiti: Nairobi Securities Exchange New CEO, Work Experience",https://netstorage-tuko.akamaized.net/images/e04e9b3e49d51630.png?impolicy=cropped-image&imwidth=510,https://www.tuko.co.ke/business-economy/capital-market/538613-meet-frank-mwiti-nairobi-securities-exchange-ceo/,2024-02-20T12:20:12+03:00
,Kenya's Capital Markets: NSE's Monopoly in Bonds Market Ends as New Player Gets...,https://netstorage-tuko.akamaized.net/images/1cd7ca739f52e408.png?impolicy=cropped-image&imwidth=245,https://www.tuko.co.ke/business-economy/capital-market/536318-kenyas-capital-markets-nses-monopoly-bonds-market-ends-player-trading-license/,2024-01-31T13:55:19+03:00
,"List of Top 15 Money Market Funds in Kenya, Minimum Investments and Interests",https://netstorage-tuko.akamaized.net/images/b1d4aaeee5b12c80.png?impolicy=cropped-image&imwidth=245,https://www.tuko.co.ke/business-economy/capital-market/536102-list-top-15-money-market-funds-kenya-minimum-investments-interests/,2024-01-30T12:20:45+03:00
,"Ndindi Nyoro Dumps 11 Million Kenya Power Shares, Loses Top Spot to Hiranis",https://netstorage-tuko.akamaized.net/images/4831b2f359e3bc82.png?impolicy=cropped-image&imwidth=245,https://www.tuko.co.ke/business-economy/capital-market/536132-ndindi-nyoro-dumps-ksh-11-million-worth-kenya-power-shares-shareholders/,2024-01-30T09:10:39+03:00
,Kenya's Gov't to Distribute 4.5 Million Gas Cylinders to Households in Drive to...,https://netstorage-tuko.akamaized.net/images/ebc0454c9f63aab5.png?impolicy=cropped-image&imwidth=510,https://www.tuko.co.ke/business-economy/energy/539516-kenyas-govt-distribute-45-million-gas-cylinders-drive-increase-lpg-uptake/,2024-02-27T14:34:58+03:00
,"EPRA Reduces Prices of Petrol, Diesel, Kerosene By KSh 1",https://netstorage-tuko.akamaized.net/images/f95d83e5e92478ed.jpg?impolicy=cropped-image&imwidth=510,https://www.tuko.co.ke/business-economy/energy/538034-epra-reduces-prices-petrol-diesel-kerosene-by-ksh-1/,2024-02-14T21:57:32+03:00
,Electricity Prices to Fall as KenGen Steps Up Hydropower Generation,https://netstorage-tuko.akamaized.net/images/cfab5376d2c9c6f4.png?impolicy=cropped-image&imwidth=245,https://www.tuko.co.ke/business-economy/energy/536848-electricity-prices-stabilise-kengen-steps-hydropower-generation/,2024-02-05T16:34:28+03:00
,KPLC Reforms: 5 Measures Ruto's Govt Has Taken to Return Kenya Power to Profitab...,https://netstorage-tuko.akamaized.net/images/556d4fa636c46297.png?impolicy=cropped-image&imwidth=245,https://www.tuko.co.ke/business-economy/energy/536025-kplc-reforms-5-measures-rutos-govt-return-kenya-power-profitability/,2024-01-29T10:11:55+03:00
,International Agency Names Kenya in List of Countries With Highest Power Outages,https://netstorage-tuko.akamaized.net/images/1d3f82a0d54dd5d7.png?impolicy=cropped-image&imwidth=245,https://www.tuko.co.ke/business-economy/energy/535833-international-agency-releases-list-countries-highest-power-outages-2023/,2024-01-26T12:50:31+03:00
,Peter Kiboi: Boda Boda Rider Becomes a Millionaire After Winning SportPesa Mega...,https://netstorage-tuko.akamaized.net/images/80ec814514ab29ee.png?impolicy=cropped-image&imwidth=510,https://www.tuko.co.ke/business-economy/money/539796-peter-kiboi-nairobi-man-a-millionaire-winning-sportpesa-mega-jackpot-bonus/,2024-02-29T11:17:47+03:00
,"Kenyans React to Claims Banki Kuu on KSh Notes is Wrong, TZ's Benki Kuu is Corre...",https://netstorage-tuko.akamaized.net/images/d67e584d3c97c943.png?impolicy=cropped-image&imwidth=510,https://www.tuko.co.ke/business-economy/money/539688-kenyans-react-claims-banki-kuu-wrong-tzs-benki-kuu-correct-bora-ni-pesa/,2024-02-28T17:50:17+03:00
,Augustino Mutea: Embu Businessman Wins KSh 1 Million in Deposit and Win Campaign,https://netstorage-tuko.akamaized.net/images/4925f3a5b808a0be.png?impolicy=cropped-image&imwidth=245,https://www.tuko.co.ke/business-economy/money/539691-augustino-mutea-embu-businessman-wins-ksh-1-million-deposit-win-campaign/,2024-02-28T16:02:10+03:00
,"Kenyans Operating M-Pesa Shops Lament Losing M-Pesa Lines to Dealers: ""Agent Com...",https://netstorage-tuko.akamaized.net/images/dc6c50401dca9486.png?impolicy=cropped-image&imwidth=245,https://www.tuko.co.ke/business-economy/money/539624-kenyans-operating-m-pesa-shops-lament-losing-m-pesa-lines-agent-commission-ni-kidogo/,2024-02-28T10:34:17+03:00
,"Safaricom's 3 Mobile Loan Services Most Popular Digital Lending Plaforms, CAK Su...",https://netstorage-tuko.akamaized.net/images/cc041db496c236dd.png?impolicy=cropped-image&imwidth=245,https://www.tuko.co.ke/business-economy/money/539609-safaricoms-3-mobile-loan-services-popular-digital-lending-plaforms-survey-findings/,2024-02-28T08:32:20+03:00
,"Kenyans Marvel at Price of Shoe Rack Holding 40 Pairs of Shoes: ""650k ya Kenya a...",https://netstorage-tuko.akamaized.net/images/94047cd4f54721fb.png?impolicy=cropped-image&imwidth=510,https://www.tuko.co.ke/business-economy/industry/539519-kenyans-marvel-price-shoe-rack-holding-40-pairs-shoes-650k-ya-kenya-ama-tanzania/,2024-02-29T16:01:34+03:00
,"NTSA Issues Public Appeal for Collection of Thousands of Number plates, Smart DL...",https://netstorage-tuko.akamaized.net/images/fadf14e27338ff24.png?impolicy=cropped-image&imwidth=510,https://www.tuko.co.ke/business-economy/industry/539366-ntsa-issues-public-appeal-collection-thousands-number-plates-smart-dls-logbooks/,2024-02-26T15:52:37+03:00
,"Kenyan Man with KSh 700k Seeks Advice on Starting Pig Business, Farmers Say It's...",https://netstorage-tuko.akamaized.net/images/cb90477b9ba3cdbf.png?impolicy=cropped-image&imwidth=245,https://www.tuko.co.ke/business-economy/industry/539302-kenyan-man-ksh-700k-seeks-advice-starting-pig-business-farmers-s-little/,2024-02-25T22:51:31+03:00
,"""I Have Applied for Over 100 Jobs"": Lady Unemployed after Relocating to Canada f...",https://netstorage-tuko.akamaized.net/images/5f8b6f96cdafb1f6.jpg?impolicy=cropped-image&imwidth=245,https://www.tuko.co.ke/business-economy/industry/539293-i-applied-100-jobs-lady-unemployed-relocating-canada-greener-pastures/,2024-02-25T17:49:28+03:00
,Nairobi County to Close All Wines and Spirits Shops Around CBD Matatu Stages,https://netstorage-tuko.akamaized.net/images/3bbe2ea9ed2ffcf2.png?impolicy=cropped-image&imwidth=245,https://www.tuko.co.ke/business-economy/industry/539286-nairobi-county-close-wines-spirits-shops-cbd-matatu-stages/,2024-02-25T16:53:38+03:00
,"Kenya's Debt Burden: List of 7 Eurobond Loans, Maturity Dates and Interest Rates",https://netstorage-tuko.akamaized.net/images/6a391f8a3d9d4fc3.png?impolicy=cropped-image&imwidth=510,https://www.tuko.co.ke/business-economy/economy/539051-kenyas-debt-burden-list-4-eurobonds-issued-maturity-dates-interest-rates/,2024-02-23T14:54:46+03:00
,Africa Agri Expo 2024: Charlene Ruto Calls for Training to Equip Youths with Far...,https://netstorage-tuko.akamaized.net/images/f5e1ad0076780f64.png?impolicy=cropped-image&imwidth=510,https://www.tuko.co.ke/business-economy/economy/538670-africa-agri-expo-2024-charlene-ruto-calls-training-equip-youths-farming-skills/,2024-02-22T07:39:44+03:00
,Africa Agri Expo 2024: Kenyan Government Seeks Private Investors to Boost Agricu...,https://netstorage-tuko.akamaized.net/images/99db42c961d57166.png?impolicy=cropped-image&imwidth=245,https://www.tuko.co.ke/business-economy/economy/538675-africa-agri-expo-2024-kenyan-government-seeks-private-investors-boost-agriculture-ppps/,2024-02-22T07:39:00+03:00
,Kenyans Asked to Send Suggestions on Budget Policy Set to More than Double Reven...,https://netstorage-tuko.akamaized.net/images/d37c0cbd872ccdaf.png?impolicy=cropped-image&imwidth=245,https://www.tuko.co.ke/business-economy/economy/538576-kenyans-asked-send-suggestions-budget-policy-set-double-revenue-collection/,2024-02-20T10:40:29+03:00
,Contaminated Sugar Worth KSh 214m Impounded In Private Store Mombasa,https://netstorage-tuko.akamaized.net/images/97cc697634dbd99a.png?impolicy=cropped-image&imwidth=245,https://www.tuko.co.ke/business-economy/economy/538540-kpa-impounds-contaminated-sugar-worth-ksh-200-million/,2024-02-20T06:10:04+03:00
,"Zuckerberg, S. Korea's President Yoon talk AI cooperation",https://netstorage-tuko.akamaized.net/images/23eb41601514dab3.jpg?impolicy=cropped-image&imwidth=510,https://www.tuko.co.ke/business-economy/technology/539808-zuckerberg-s-koreas-president-yoon-talk-ai-cooperation/,2024-02-29T10:40:18+03:00
,TikTok make-up influencers spark health warnings,https://netstorage-tuko.akamaized.net/images/57f25890c316b57f.jpg?impolicy=cropped-image&imwidth=510,https://www.tuko.co.ke/business-economy/technology/539767-tiktok-influencers-spark-health-warnings/,2024-02-29T06:15:07+03:00
,"Reliance, Disney announce giant India media merger",https://netstorage-tuko.akamaized.net/images/fa1178006b9bdeb0.jpg?impolicy=cropped-image&imwidth=245,https://www.tuko.co.ke/business-economy/technology/539763-reliance-disney-announce-giant-india-media-merger/,2024-02-29T05:11:06+03:00
,Meet the influencer giving young Mexicans their election news,https://netstorage-tuko.akamaized.net/images/edd07d081f277609.jpg?impolicy=cropped-image&imwidth=245,https://www.tuko.co.ke/business-economy/technology/539762-meet-influencer-giving-young-mexicans-election-news/,2024-02-29T04:26:10+03:00
,Video game giant Electronic Arts announces job cuts,https://netstorage-tuko.akamaized.net/images/df7ada893f55a5c8.jpg?impolicy=cropped-image&imwidth=245,https://www.tuko.co.ke/business-economy/technology/539761-video-game-giant-electronic-arts-announces-job-cuts/,2024-02-29T01:27:06+03:00
